<?xml version="1.0" encoding="UTF-8" standalone="yes"?>
<ModMetaData>
  <name>Research Tree</name>
  <author>Fluffy</author>
  <packageId>fluffy.researchtree</packageId>
  <url>https://ludeon.com/forums/index.php?topic=16120</url>
  <supportedVersions>
    <li>1.0</li>
    <li>1.1</li>
  </supportedVersions>
  <descriptionsByVersion>
    <v1.0>A better research tree.

&lt;size=24&gt;Features&lt;/size&gt;

automatically generated to maximize readability*. 
shows research projects, buildings, plants and recipes unlocked by each research project.
projects can be queued, and colonists will automatically start the next project when the current research project completes.
search functionality to quickly find research projects.

&lt;size=24&gt;FAQ&lt;/size&gt;
&lt;i&gt;Can I add/remove this from an existing save?&lt;/i&gt;
You can add it to existing saves without problems. Removing this mod will lead to some errors when loading, but these should not affect gameplay - and will go away after saving.

&lt;i&gt;Why is research X in position Y?&lt;/i&gt;
Honestly, I have no idea. The placement of projects (nodes) is automated to minimize the number of crossings between dependancies (edges), and reduce the total length of these edges. There are many possible scenarios in which this can lead to placements that may appear non-optimal. Sometimes they really are non-optimal, sometimes they just appear to be so. See also the &lt;i&gt;technical&lt;/i&gt; section below for more information.

&lt;i&gt;Can I use this with mod X&lt;/i&gt;
Most likely, yes. Added researches and their requirements are automatically parsed and the tree layout will be updated accordingly. ResearchPal implements a lot of the same functionality as this mod, and the research queue will likely not work correctly if both mods are loaded.

&lt;i&gt;This looks very similar to ResearchPal&lt;/i&gt;
Yep. ResearchPal is based on a legacy version of this mod that was kept up-to-date by SkyArkAngel in the HCSK modpack. I haven’t worked on this mod in a long time, but I recently had some spare time and decided to give it another go. Feel free to use whichever you like better (ResearchPal has an entirely different layout algorithm). You can run both mods side by side to check out the different tree layouts, but be aware that the research queue will not work correctly if both mods are loaded.

&lt;size=24&gt;Known Issues&lt;/size&gt;

Layouts are not perfect, if you have experience with graph layouts - please do feel free to look at the source code, and/or implement a Sugiyama layout algorithm for me that runs in C# .NET 3.5 (Mono 2.0).

&lt;size=24&gt;Technical&lt;/size&gt;
So how does this all work?

Creating an optimal layout is a known problem in the area of &lt;i&gt;Graph Theory&lt;/i&gt;. There’s serious mathematicians who’ve spent years of their live trying to figure out this problem, and numerous solutions exist. The group of solutions most relevant to our research tree (a &lt;i&gt;directed acyclic graph&lt;/i&gt;, or &lt;i&gt;DAG&lt;/i&gt;) is that derived from Sugiyama’s work. Generally speaking, these algorithms have four steps;


layering (set the &lt;i&gt;x&lt;/i&gt; coordinates of nodes, enforcing that follow-up research is always at a higher x position than any of its prerequisites, this is a fairly straightforward heuristic)
crossing reduction (set the &lt;i&gt;y&lt;/i&gt; coordinates of nodes such that there is a minimal amount of intersections of connections between nodes)
edge length reduction (set the &lt;i&gt;y&lt;/i&gt; coordinates of nodes such that the length of connections between nodes is minimal)
horizontal alignment (set the &lt;i&gt;y&lt;/i&gt; coordinates of nodes such that the connections between nodes are straight as much as possible)

The final step is the hardest, but also the most important to create a visually pleasing tree. Sadly, I’ve been unable to implement two of the most well known algorithms for this purpose; 


Brandes, U., &amp; Köpf, B. (2001, September). Fast and simple horizontal coordinate assignment.
Eiglsperger M., Siebenhaller M., Kaufmann M. (2005) An Efficient Implementation of Sugiyama’s Algorithm for Layered Graph Drawing.
Luckily, the crossing reduction and edge length reduction steps partially achieve the goals of the final step. The final graph is not as pretty as it could be, but it’s still pretty good - in most scenarios. 

&lt;size=24&gt;Contributors&lt;/size&gt;

Templarr:    Russian translation
Temp:    
Suh. Junmin:    Korean translation
rw-chaos:    German translation
53N4:    Spanish translation
Silverside:    Fix UI scaling bug for vertical text
shiuanyue:    Chinese (traditional) translation

&lt;size=24&gt;Version&lt;/size&gt;
This is version 3.7.497, for RimWorld 1.0.2408.

</v1.0>
    <v1.1>A better research tree.

&lt;size=24&gt;Features&lt;/size&gt;

automatically generated to maximize readability*. 
shows research projects, buildings, plants and recipes unlocked by each research project.
projects can be queued, and colonists will automatically start the next project when the current research project completes.
search functionality to quickly find research projects.

&lt;size=24&gt;FAQ&lt;/size&gt;
&lt;i&gt;Can I add/remove this from an existing save?&lt;/i&gt;
You can add it to existing saves without problems. Removing this mod will lead to some errors when loading, but these should not affect gameplay - and will go away after saving.

&lt;i&gt;Why is research X in position Y?&lt;/i&gt;
Honestly, I have no idea. The placement of projects (nodes) is automated to minimize the number of crossings between dependancies (edges), and reduce the total length of these edges. There are many possible scenarios in which this can lead to placements that may appear non-optimal. Sometimes they really are non-optimal, sometimes they just appear to be so. See also the &lt;i&gt;technical&lt;/i&gt; section below for more information.

&lt;i&gt;Can I use this with mod X&lt;/i&gt;
Most likely, yes. Added researches and their requirements are automatically parsed and the tree layout will be updated accordingly. ResearchPal implements a lot of the same functionality as this mod, and the research queue will likely not work correctly if both mods are loaded.

&lt;i&gt;This looks very similar to ResearchPal&lt;/i&gt;
Yep. ResearchPal is based on a legacy version of this mod that was kept up-to-date by SkyArkAngel in the HCSK modpack. I haven’t worked on this mod in a long time, but I recently had some spare time and decided to give it another go. Feel free to use whichever you like better (ResearchPal has an entirely different layout algorithm). You can run both mods side by side to check out the different tree layouts, but be aware that the research queue will not work correctly if both mods are loaded.

&lt;size=24&gt;Known Issues&lt;/size&gt;

Layouts are not perfect, if you have experience with graph layouts - please do feel free to look at the source code, and/or implement a Sugiyama layout algorithm for me that runs in C# .NET 3.5 (Mono 2.0).

&lt;size=24&gt;Technical&lt;/size&gt;
So how does this all work?

Creating an optimal layout is a known problem in the area of &lt;i&gt;Graph Theory&lt;/i&gt;. There’s serious mathematicians who’ve spent years of their live trying to figure out this problem, and numerous solutions exist. The group of solutions most relevant to our research tree (a &lt;i&gt;directed acyclic graph&lt;/i&gt;, or &lt;i&gt;DAG&lt;/i&gt;) is that derived from Sugiyama’s work. Generally speaking, these algorithms have four steps;


layering (set the &lt;i&gt;x&lt;/i&gt; coordinates of nodes, enforcing that follow-up research is always at a higher x position than any of its prerequisites, this is a fairly straightforward heuristic)
crossing reduction (set the &lt;i&gt;y&lt;/i&gt; coordinates of nodes such that there is a minimal amount of intersections of connections between nodes)
edge length reduction (set the &lt;i&gt;y&lt;/i&gt; coordinates of nodes such that the length of connections between nodes is minimal)
horizontal alignment (set the &lt;i&gt;y&lt;/i&gt; coordinates of nodes such that the connections between nodes are straight as much as possible)

The final step is the hardest, but also the most important to create a visually pleasing tree. Sadly, I’ve been unable to implement two of the most well known algorithms for this purpose; 


Brandes, U., &amp; Köpf, B. (2001, September). Fast and simple horizontal coordinate assignment.
Eiglsperger M., Siebenhaller M., Kaufmann M. (2005) An Efficient Implementation of Sugiyama’s Algorithm for Layered Graph Drawing.
Luckily, the crossing reduction and edge length reduction steps partially achieve the goals of the final step. The final graph is not as pretty as it could be, but it’s still pretty good - in most scenarios. 

&lt;size=24&gt;Contributors&lt;/size&gt;

Templarr:    Russian translation
Suh. Junmin:    Korean translation
rw-chaos:    German translation
53N4:    Spanish translation
Silverside:    Fix UI scaling bug for vertical text
shiuanyue:    Chinese (traditional) translation
notfood:    Implement techprint requirements
HanYaodong:    Add simplified Chinese translation

&lt;size=24&gt;Version&lt;/size&gt;
This is version 3.17.537, for RimWorld 1.2.2753.

</v1.1>
  </descriptionsByVersion>
  <description>A better research tree.

&lt;size=24&gt;Features&lt;/size&gt;

automatically generated to maximize readability*. 
shows research projects, buildings, plants and recipes unlocked by each research project.
projects can be queued, and colonists will automatically start the next project when the current research project completes.
search functionality to quickly find research projects.

&lt;size=24&gt;FAQ&lt;/size&gt;
&lt;i&gt;Can I add/remove this from an existing save?&lt;/i&gt;
You can add it to existing saves without problems. Removing this mod will lead to some errors when loading, but these should not affect gameplay - and will go away after saving.

&lt;i&gt;Why is research X in position Y?&lt;/i&gt;
Honestly, I have no idea. The placement of projects (nodes) is automated to minimize the number of crossings between dependancies (edges), and reduce the total length of these edges. There are many possible scenarios in which this can lead to placements that may appear non-optimal. Sometimes they really are non-optimal, sometimes they just appear to be so. See also the &lt;i&gt;technical&lt;/i&gt; section below for more information.

&lt;i&gt;Can I use this with mod X&lt;/i&gt;
Most likely, yes. Added researches and their requirements are automatically parsed and the tree layout will be updated accordingly. ResearchPal implements a lot of the same functionality as this mod, and the research queue will likely not work correctly if both mods are loaded.

&lt;i&gt;This looks very similar to ResearchPal&lt;/i&gt;
Yep. ResearchPal is based on a legacy version of this mod that was kept up-to-date by SkyArkAngel in the HCSK modpack. I haven’t worked on this mod in a long time, but I recently had some spare time and decided to give it another go. Feel free to use whichever you like better (ResearchPal has an entirely different layout algorithm). You can run both mods side by side to check out the different tree layouts, but be aware that the research queue will not work correctly if both mods are loaded.

&lt;size=24&gt;Known Issues&lt;/size&gt;

Layouts are not perfect, if you have experience with graph layouts - please do feel free to look at the source code, and/or implement a Sugiyama layout algorithm for me that runs in C# .NET 3.5 (Mono 2.0).

&lt;size=24&gt;Technical&lt;/size&gt;
So how does this all work?

Creating an optimal layout is a known problem in the area of &lt;i&gt;Graph Theory&lt;/i&gt;. There’s serious mathematicians who’ve spent years of their live trying to figure out this problem, and numerous solutions exist. The group of solutions most relevant to our research tree (a &lt;i&gt;directed acyclic graph&lt;/i&gt;, or &lt;i&gt;DAG&lt;/i&gt;) is that derived from Sugiyama’s work. Generally speaking, these algorithms have four steps;


layering (set the &lt;i&gt;x&lt;/i&gt; coordinates of nodes, enforcing that follow-up research is always at a higher x position than any of its prerequisites, this is a fairly straightforward heuristic)
crossing reduction (set the &lt;i&gt;y&lt;/i&gt; coordinates of nodes such that there is a minimal amount of intersections of connections between nodes)
edge length reduction (set the &lt;i&gt;y&lt;/i&gt; coordinates of nodes such that the length of connections between nodes is minimal)
horizontal alignment (set the &lt;i&gt;y&lt;/i&gt; coordinates of nodes such that the connections between nodes are straight as much as possible)

The final step is the hardest, but also the most important to create a visually pleasing tree. Sadly, I’ve been unable to implement two of the most well known algorithms for this purpose; 


Brandes, U., &amp; Köpf, B. (2001, September). Fast and simple horizontal coordinate assignment.
Eiglsperger M., Siebenhaller M., Kaufmann M. (2005) An Efficient Implementation of Sugiyama’s Algorithm for Layered Graph Drawing.
Luckily, the crossing reduction and edge length reduction steps partially achieve the goals of the final step. The final graph is not as pretty as it could be, but it’s still pretty good - in most scenarios. 

&lt;size=24&gt;Contributors&lt;/size&gt;

Templarr:    Russian translation
Temp:    
Suh. Junmin:    Korean translation
rw-chaos:    German translation
53N4:    Spanish translation
Silverside:    Fix UI scaling bug for vertical text
shiuanyue:    Chinese (traditional) translation

&lt;size=24&gt;Version&lt;/size&gt;
This is version 3.7.497, for RimWorld 1.0.2408.

</description>
  <modDependenciesByVersion>
    <v1.0/>
    <v1.1>
      <li>
        <packageId>brrainz.harmony</packageId>
        <displayName>Harmony</displayName>
        <steamWorkshopUrl>steam://url/CommunityFilePage/2009463077</steamWorkshopUrl>
        <downloadUrl>https://github.com/pardeike/HarmonyRimWorld/releases/latest</downloadUrl>
      </li>
    </v1.1>
  </modDependenciesByVersion>
  <incompatibleWith/>
  <loadBefore/>
  <loadAfterByVersion>
    <v1.0/>
    <v1.1>
      <li>brrainz.harmony</li>
    </v1.1>
  </loadAfterByVersion>
</ModMetaData>